{
    "input_path": "./data/hel2019/color_masks/",
    "output_path": "./data/hel2019/bin_masks/",
    "folder_prefix_list": [
        "koivu",
        "muulp",
        "manty",
        "kuusi"
    ],
    "default_shape": [
        512,
        512
    ],
    "color_map": {
        "koivu": {
            "number": [
                0,
                2.5,
                8.5,
                20.0,
                41.0,
                60.50000000000001
            ],
            "color": [
                [
                    0,
                    114,
                    254
                ],
                [
                    165,
                    205,
                    154
                ],
                [
                    115,
                    243,
                    131
                ],
                [
                    0,
                    205,
                    2
                ],
                [
                    0,
                    130,
                    1
                ],
                [
                    220,
                    0,
                    23
                ],
                [
                    149,
                    31,
                    40
                ]
            ]
        },
        "muulp": {
            "number": [
                0,
                1,
                2,
                3.5,
                10.5,
                18.700000000000003
            ],
            "color": [
                [
                    0,
                    114,
                    254
                ],
                [
                    165,
                    205,
                    154
                ],
                [
                    115,
                    243,
                    131
                ],
                [
                    0,
                    205,
                    2
                ],
                [
                    0,
                    130,
                    1
                ],
                [
                    220,
                    0,
                    23
                ],
                [
                    149,
                    31,
                    40
                ]
            ]
        },
        "manty": {
            "number": [
                0,
                5.0,
                15.0,
                28.0,
                43.5,
                60.0,
                78.0,
                98.0,
                126.5,
                176.0
            ],
            "color": [
                [
                    0,
                    114,
                    254
                ],
                [
                    70,
                    152,
                    254
                ],
                [
                    165,
                    205,
                    154
                ],
                [
                    195,
                    255,
                    195
                ],
                [
                    115,
                    243,
                    131
                ],
                [
                    22,
                    231,
                    24
                ],
                [
                    0,
                    205,
                    2
                ],
                [
                    0,
                    130,
                    1
                ],
                [
                    220,
                    0,
                    23
                ],
                [
                    149,
                    31,
                    40
                ]
            ]
        },
        "kuusi": {
            "number": [
                0,
                1,
                2.5,
                5.5,
                11.5,
                22.5,
                41.0,
                74.0,
                140.0,
                220.00000000000003
            ],
            "color": [
                [
                    0,
                    114,
                    254
                ],
                [
                    70,
                    152,
                    254
                ],
                [
                    165,
                    205,
                    154
                ],
                [
                    195,
                    255,
                    195
                ],
                [
                    115,
                    243,
                    131
                ],
                [
                    22,
                    231,
                    24
                ],
                [
                    0,
                    205,
                    2
                ],
                [
                    0,
                    130,
                    1
                ],
                [
                    220,
                    0,
                    23
                ],
                [
                    149,
                    31,
                    40
                ]
            ]
        }
    }
}